{"cameraMode":{"drawMode":0,"name":"Shaded","section":"Shading Mode"},"sceneLighting":true,"audioPlay":false,"sceneViewState":{"showFog":true,"showMaterialUpdate":false,"showSkybox":true,"showFlares":true,"showImageEffects":true,"showParticleSystems":true,"showVisualEffectGraphs":true,"m_FxEnabled":true},"in2DMode":false,"pivot":{"x":399.6170349121094,"y":139.0853271484375,"z":0.095550537109375},"rotation":{"x":0.03780065476894379,"y":0.0014945741277188063,"z":-0.00005638453149003908,"w":0.9992828369140625},"size":234.58363342285157,"orthographic":false}