{"cameraMode":{"drawMode":0,"name":"Shaded","section":"Shading Mode"},"sceneLighting":true,"audioPlay":false,"sceneViewState":{"showFog":true,"showMaterialUpdate":false,"showSkybox":true,"showFlares":true,"showImageEffects":true,"showParticleSystems":true,"showVisualEffectGraphs":true,"m_FxEnabled":true},"in2DMode":false,"pivot":{"x":-83.39942169189453,"y":-10.323759078979493,"z":90.04925537109375},"rotation":{"x":-0.10339141637086868,"y":-0.06649259477853775,"z":0.006927493028342724,"w":-0.9923914670944214},"size":1.2999968528747559,"orthographic":false}